<?xml version="1.0" encoding="UTF-8"?>

<!--###############################################
This File is auto-generated by the Backup Tool 
you should use the BackupPanel to modify or change this file 
see http://code.google.com/p/openmeetings/wiki/BackupPanel for Details 
###############################################-->
<root>
  <fileExplorerItems>
    <fileExplorerItem>
      <fileExplorerItemId><![CDATA[1]]></fileExplorerItemId>
      <fileName><![CDATA[conf]]></fileName>
      <fileHash><![CDATA[]]></fileHash>
      <parentFileExplorerItemId><![CDATA[0]]></parentFileExplorerItemId>
      <room_id><![CDATA[7]]></room_id>
      <ownerId><![CDATA[null]]></ownerId>
      <isFolder><![CDATA[false]]></isFolder>
      <isImage><![CDATA[false]]></isImage>
      <isPresentation><![CDATA[false]]></isPresentation>
      <isVideo><![CDATA[null]]></isVideo>
      <insertedBy><![CDATA[2]]></insertedBy>
      <inserted><![CDATA[1360150591000]]></inserted>
      <updated><![CDATA[1360150591000]]></updated>
      <deleted><![CDATA[false]]></deleted>
      <fileSize><![CDATA[null]]></fileSize>
      <flvWidth><![CDATA[null]]></flvWidth>
      <flvHeight><![CDATA[null]]></flvHeight>
      <previewImage><![CDATA[null]]></previewImage>
      <wmlFilePath><![CDATA[ab312e4fd7c9e7e44ed0f45c41aa2011.wml]]></wmlFilePath>
      <isStoredWmlFile><![CDATA[true]]></isStoredWmlFile>
      <isChart><![CDATA[true]]></isChart>
    </fileExplorerItem>
    <fileExplorerItem>
      <fileExplorerItemId><![CDATA[2]]></fileExplorerItemId>
      <fileName><![CDATA[Новая папка]]></fileName>
      <fileHash><![CDATA[]]></fileHash>
      <parentFileExplorerItemId><![CDATA[0]]></parentFileExplorerItemId>
      <room_id><![CDATA[9]]></room_id>
      <ownerId><![CDATA[2]]></ownerId>
      <isFolder><![CDATA[true]]></isFolder>
      <isImage><![CDATA[false]]></isImage>
      <isPresentation><![CDATA[false]]></isPresentation>
      <isVideo><![CDATA[null]]></isVideo>
      <insertedBy><![CDATA[2]]></insertedBy>
      <inserted><![CDATA[1360211078000]]></inserted>
      <updated><![CDATA[1360211078000]]></updated>
      <deleted><![CDATA[false]]></deleted>
      <fileSize><![CDATA[null]]></fileSize>
      <flvWidth><![CDATA[null]]></flvWidth>
      <flvHeight><![CDATA[null]]></flvHeight>
      <previewImage><![CDATA[null]]></previewImage>
      <wmlFilePath><![CDATA[]]></wmlFilePath>
      <isStoredWmlFile><![CDATA[false]]></isStoredWmlFile>
      <isChart><![CDATA[false]]></isChart>
    </fileExplorerItem>
    <fileExplorerItem>
      <fileExplorerItemId><![CDATA[3]]></fileExplorerItemId>
      <fileName><![CDATA[My bugs (ASF JIRA).ods]]></fileName>
      <fileHash><![CDATA[26821da60964f6495ed62c1db3ae5c70]]></fileHash>
      <parentFileExplorerItemId><![CDATA[2]]></parentFileExplorerItemId>
      <room_id><![CDATA[9]]></room_id>
      <ownerId><![CDATA[2]]></ownerId>
      <isFolder><![CDATA[false]]></isFolder>
      <isImage><![CDATA[false]]></isImage>
      <isPresentation><![CDATA[true]]></isPresentation>
      <isVideo><![CDATA[null]]></isVideo>
      <insertedBy><![CDATA[2]]></insertedBy>
      <inserted><![CDATA[1360211107000]]></inserted>
      <updated><![CDATA[1360211125000]]></updated>
      <deleted><![CDATA[true]]></deleted>
      <fileSize><![CDATA[null]]></fileSize>
      <flvWidth><![CDATA[null]]></flvWidth>
      <flvHeight><![CDATA[null]]></flvHeight>
      <previewImage><![CDATA[null]]></previewImage>
      <wmlFilePath><![CDATA[]]></wmlFilePath>
      <isStoredWmlFile><![CDATA[false]]></isStoredWmlFile>
      <isChart><![CDATA[false]]></isChart>
    </fileExplorerItem>
    <fileExplorerItem>
      <fileExplorerItemId><![CDATA[4]]></fileExplorerItemId>
      <fileName><![CDATA[My bugs (ASF JIRA).xls]]></fileName>
      <fileHash><![CDATA[fb48952dc544509b89aa8a3439d55fdf]]></fileHash>
      <parentFileExplorerItemId><![CDATA[2]]></parentFileExplorerItemId>
      <room_id><![CDATA[9]]></room_id>
      <ownerId><![CDATA[2]]></ownerId>
      <isFolder><![CDATA[false]]></isFolder>
      <isImage><![CDATA[false]]></isImage>
      <isPresentation><![CDATA[true]]></isPresentation>
      <isVideo><![CDATA[null]]></isVideo>
      <insertedBy><![CDATA[2]]></insertedBy>
      <inserted><![CDATA[1360211135000]]></inserted>
      <updated><![CDATA[1360211220000]]></updated>
      <deleted><![CDATA[true]]></deleted>
      <fileSize><![CDATA[null]]></fileSize>
      <flvWidth><![CDATA[null]]></flvWidth>
      <flvHeight><![CDATA[null]]></flvHeight>
      <previewImage><![CDATA[null]]></previewImage>
      <wmlFilePath><![CDATA[]]></wmlFilePath>
      <isStoredWmlFile><![CDATA[false]]></isStoredWmlFile>
      <isChart><![CDATA[false]]></isChart>
    </fileExplorerItem>
    <fileExplorerItem>
      <fileExplorerItemId><![CDATA[5]]></fileExplorerItemId>
      <fileName><![CDATA[My bugs (ASF JIRA).ods]]></fileName>
      <fileHash><![CDATA[0917dda5b804298ec0951d197c6a346f]]></fileHash>
      <parentFileExplorerItemId><![CDATA[2]]></parentFileExplorerItemId>
      <room_id><![CDATA[9]]></room_id>
      <ownerId><![CDATA[2]]></ownerId>
      <isFolder><![CDATA[false]]></isFolder>
      <isImage><![CDATA[false]]></isImage>
      <isPresentation><![CDATA[true]]></isPresentation>
      <isVideo><![CDATA[null]]></isVideo>
      <insertedBy><![CDATA[2]]></insertedBy>
      <inserted><![CDATA[1360211229000]]></inserted>
      <updated><![CDATA[1360211229000]]></updated>
      <deleted><![CDATA[false]]></deleted>
      <fileSize><![CDATA[null]]></fileSize>
      <flvWidth><![CDATA[null]]></flvWidth>
      <flvHeight><![CDATA[null]]></flvHeight>
      <previewImage><![CDATA[null]]></previewImage>
      <wmlFilePath><![CDATA[]]></wmlFilePath>
      <isStoredWmlFile><![CDATA[false]]></isStoredWmlFile>
      <isChart><![CDATA[false]]></isChart>
    </fileExplorerItem>
    <fileExplorerItem>
      <fileExplorerItemId><![CDATA[6]]></fileExplorerItemId>
      <fileName><![CDATA[My bugs (ASF JIRA).xls]]></fileName>
      <fileHash><![CDATA[c6368e0144400d168759cd78fb274f74]]></fileHash>
      <parentFileExplorerItemId><![CDATA[2]]></parentFileExplorerItemId>
      <room_id><![CDATA[9]]></room_id>
      <ownerId><![CDATA[2]]></ownerId>
      <isFolder><![CDATA[false]]></isFolder>
      <isImage><![CDATA[false]]></isImage>
      <isPresentation><![CDATA[true]]></isPresentation>
      <isVideo><![CDATA[null]]></isVideo>
      <insertedBy><![CDATA[2]]></insertedBy>
      <inserted><![CDATA[1360211255000]]></inserted>
      <updated><![CDATA[1360211255000]]></updated>
      <deleted><![CDATA[false]]></deleted>
      <fileSize><![CDATA[null]]></fileSize>
      <flvWidth><![CDATA[null]]></flvWidth>
      <flvHeight><![CDATA[null]]></flvHeight>
      <previewImage><![CDATA[null]]></previewImage>
      <wmlFilePath><![CDATA[]]></wmlFilePath>
      <isStoredWmlFile><![CDATA[false]]></isStoredWmlFile>
      <isChart><![CDATA[false]]></isChart>
    </fileExplorerItem>
    <fileExplorerItem>
      <fileExplorerItemId><![CDATA[7]]></fileExplorerItemId>
      <fileName><![CDATA[Установка и настройка Linphone на Android и iOS (8.3).docx]]></fileName>
      <fileHash><![CDATA[b664892b598053bec8dd74e4b6ef7f80]]></fileHash>
      <parentFileExplorerItemId><![CDATA[0]]></parentFileExplorerItemId>
      <room_id><![CDATA[9]]></room_id>
      <ownerId><![CDATA[2]]></ownerId>
      <isFolder><![CDATA[false]]></isFolder>
      <isImage><![CDATA[false]]></isImage>
      <isPresentation><![CDATA[true]]></isPresentation>
      <isVideo><![CDATA[null]]></isVideo>
      <insertedBy><![CDATA[2]]></insertedBy>
      <inserted><![CDATA[1360211278000]]></inserted>
      <updated><![CDATA[1360211278000]]></updated>
      <deleted><![CDATA[false]]></deleted>
      <fileSize><![CDATA[null]]></fileSize>
      <flvWidth><![CDATA[null]]></flvWidth>
      <flvHeight><![CDATA[null]]></flvHeight>
      <previewImage><![CDATA[null]]></previewImage>
      <wmlFilePath><![CDATA[]]></wmlFilePath>
      <isStoredWmlFile><![CDATA[false]]></isStoredWmlFile>
      <isChart><![CDATA[false]]></isChart>
    </fileExplorerItem>
    <fileExplorerItem>
      <fileExplorerItemId><![CDATA[8]]></fileExplorerItemId>
      <fileName><![CDATA[conf2]]></fileName>
      <fileHash><![CDATA[]]></fileHash>
      <parentFileExplorerItemId><![CDATA[0]]></parentFileExplorerItemId>
      <room_id><![CDATA[9]]></room_id>
      <ownerId><![CDATA[null]]></ownerId>
      <isFolder><![CDATA[false]]></isFolder>
      <isImage><![CDATA[false]]></isImage>
      <isPresentation><![CDATA[false]]></isPresentation>
      <isVideo><![CDATA[null]]></isVideo>
      <insertedBy><![CDATA[2]]></insertedBy>
      <inserted><![CDATA[1360211421000]]></inserted>
      <updated><![CDATA[1360211421000]]></updated>
      <deleted><![CDATA[false]]></deleted>
      <fileSize><![CDATA[null]]></fileSize>
      <flvWidth><![CDATA[null]]></flvWidth>
      <flvHeight><![CDATA[null]]></flvHeight>
      <previewImage><![CDATA[null]]></previewImage>
      <wmlFilePath><![CDATA[e9c0d5180f4972e9b266662d5809f9cb.wml]]></wmlFilePath>
      <isStoredWmlFile><![CDATA[true]]></isStoredWmlFile>
      <isChart><![CDATA[true]]></isChart>
    </fileExplorerItem>
  </fileExplorerItems>
</root>
