<?xml version="1.0" encoding="UTF-8"?>

<!--###############################################
This File is auto-generated by the Backup Tool 
you should use the BackupPanel to modify or change this file 
see http://code.google.com/p/openmeetings/wiki/BackupPanel for Details 
###############################################-->
<root>
  <flvrecordings>
    <flvrecording>
      <alternateDownload><![CDATA[flvRecording_1.avi]]></alternateDownload>
      <comment><![CDATA[]]></comment>
      <deleted><![CDATA[false]]></deleted>
      <fileHash><![CDATA[flvRecording_1.flv]]></fileHash>
      <fileName><![CDATA[Recording 06.02.2013 18:34:05]]></fileName>
      <flvRecordingId><![CDATA[1]]></flvRecordingId>
      <previewImage><![CDATA[flvRecording_1.jpg]]></previewImage>
      <recorderStreamId><![CDATA[null]]></recorderStreamId>
      <fileSize><![CDATA[null]]></fileSize>
      <flvHeight><![CDATA[1328]]></flvHeight>
      <flvWidth><![CDATA[1664]]></flvWidth>
      <height><![CDATA[1331]]></height>
      <width><![CDATA[1664]]></width>
      <insertedBy><![CDATA[2]]></insertedBy>
      <organization_id><![CDATA[1]]></organization_id>
      <ownerId><![CDATA[2]]></ownerId>
      <parentFileExplorerItemId><![CDATA[null]]></parentFileExplorerItemId>
      <progressPostProcessing><![CDATA[0]]></progressPostProcessing>
      <room_id><![CDATA[7]]></room_id>
      <inserted><![CDATA[1360150445000]]></inserted>
      <isFolder><![CDATA[false]]></isFolder>
      <isImage><![CDATA[false]]></isImage>
      <isInterview><![CDATA[false]]></isInterview>
      <isPresentation><![CDATA[false]]></isPresentation>
      <isRecording><![CDATA[true]]></isRecording>
      <recordEnd><![CDATA[1360150618000]]></recordEnd>
      <recordStart><![CDATA[1360150445000]]></recordStart>
      <flvrecordingmetadatas>
        <flvrecordingmetadata>
          <flvRecordingMetaDataId><![CDATA[1]]></flvRecordingMetaDataId>
          <freeTextUserName><![CDATA[Василий Дегтярев]]></freeTextUserName>
          <fullWavAudioData><![CDATA[rec_1_stream_4dd63710ab1d6774c3bd3e5c5a3b7439_06_02_2013_18_34_07_FINAL_WAVE.wav]]></fullWavAudioData>
          <streamName><![CDATA[rec_1_stream_4dd63710ab1d6774c3bd3e5c5a3b7439_06_02_2013_18_34_07]]></streamName>
          <wavAudioData><![CDATA[null]]></wavAudioData>
          <initialGapSeconds><![CDATA[4368]]></initialGapSeconds>
          <insertedBy><![CDATA[null]]></insertedBy>
          <interiewPodId><![CDATA[null]]></interiewPodId>
          <audioIsValid><![CDATA[null]]></audioIsValid>
          <inserted><![CDATA[1360150447000]]></inserted>
          <isAudioOnly><![CDATA[false]]></isAudioOnly>
          <isScreenData><![CDATA[true]]></isScreenData>
          <isVideoOnly><![CDATA[false]]></isVideoOnly>
          <recordEnd><![CDATA[1360150618000]]></recordEnd>
          <recordStart><![CDATA[1360150451000]]></recordStart>
          <updated><![CDATA[]]></updated>
        </flvrecordingmetadata>
      </flvrecordingmetadatas>
    </flvrecording>
    <flvrecording>
      <alternateDownload><![CDATA[flvRecording_2.avi]]></alternateDownload>
      <comment><![CDATA[]]></comment>
      <deleted><![CDATA[false]]></deleted>
      <fileHash><![CDATA[flvRecording_2.flv]]></fileHash>
      <fileName><![CDATA[Recording 07.02.2013 11:28:59]]></fileName>
      <flvRecordingId><![CDATA[2]]></flvRecordingId>
      <previewImage><![CDATA[flvRecording_2.jpg]]></previewImage>
      <recorderStreamId><![CDATA[null]]></recorderStreamId>
      <fileSize><![CDATA[null]]></fileSize>
      <flvHeight><![CDATA[1328]]></flvHeight>
      <flvWidth><![CDATA[1664]]></flvWidth>
      <height><![CDATA[1331]]></height>
      <width><![CDATA[1664]]></width>
      <insertedBy><![CDATA[2]]></insertedBy>
      <organization_id><![CDATA[1]]></organization_id>
      <ownerId><![CDATA[2]]></ownerId>
      <parentFileExplorerItemId><![CDATA[null]]></parentFileExplorerItemId>
      <progressPostProcessing><![CDATA[0]]></progressPostProcessing>
      <room_id><![CDATA[9]]></room_id>
      <inserted><![CDATA[1360211339000]]></inserted>
      <isFolder><![CDATA[false]]></isFolder>
      <isImage><![CDATA[false]]></isImage>
      <isInterview><![CDATA[false]]></isInterview>
      <isPresentation><![CDATA[false]]></isPresentation>
      <isRecording><![CDATA[true]]></isRecording>
      <recordEnd><![CDATA[1360211428000]]></recordEnd>
      <recordStart><![CDATA[1360211339000]]></recordStart>
      <flvrecordingmetadatas>
        <flvrecordingmetadata>
          <flvRecordingMetaDataId><![CDATA[2]]></flvRecordingMetaDataId>
          <freeTextUserName><![CDATA[Василий Дегтярев]]></freeTextUserName>
          <fullWavAudioData><![CDATA[null]]></fullWavAudioData>
          <streamName><![CDATA[rec_2_stream_0_07_02_2013_11_28_59]]></streamName>
          <wavAudioData><![CDATA[rec_2_stream_0_07_02_2013_11_28_59_WAVE.wav]]></wavAudioData>
          <initialGapSeconds><![CDATA[null]]></initialGapSeconds>
          <insertedBy><![CDATA[null]]></insertedBy>
          <interiewPodId><![CDATA[null]]></interiewPodId>
          <audioIsValid><![CDATA[false]]></audioIsValid>
          <inserted><![CDATA[1360211339000]]></inserted>
          <isAudioOnly><![CDATA[false]]></isAudioOnly>
          <isScreenData><![CDATA[false]]></isScreenData>
          <isVideoOnly><![CDATA[false]]></isVideoOnly>
          <recordEnd><![CDATA[1360211428000]]></recordEnd>
          <recordStart><![CDATA[1360211339000]]></recordStart>
          <updated><![CDATA[]]></updated>
        </flvrecordingmetadata>
        <flvrecordingmetadata>
          <flvRecordingMetaDataId><![CDATA[3]]></flvRecordingMetaDataId>
          <freeTextUserName><![CDATA[Василий Дегтярев]]></freeTextUserName>
          <fullWavAudioData><![CDATA[rec_2_stream_3c72657fde3f6466e387f65447203055_07_02_2013_11_28_59_FINAL_WAVE.wav]]></fullWavAudioData>
          <streamName><![CDATA[rec_2_stream_3c72657fde3f6466e387f65447203055_07_02_2013_11_28_59]]></streamName>
          <wavAudioData><![CDATA[null]]></wavAudioData>
          <initialGapSeconds><![CDATA[4957]]></initialGapSeconds>
          <insertedBy><![CDATA[null]]></insertedBy>
          <interiewPodId><![CDATA[null]]></interiewPodId>
          <audioIsValid><![CDATA[null]]></audioIsValid>
          <inserted><![CDATA[1360211339000]]></inserted>
          <isAudioOnly><![CDATA[false]]></isAudioOnly>
          <isScreenData><![CDATA[true]]></isScreenData>
          <isVideoOnly><![CDATA[false]]></isVideoOnly>
          <recordEnd><![CDATA[1360211428000]]></recordEnd>
          <recordStart><![CDATA[1360211344000]]></recordStart>
          <updated><![CDATA[]]></updated>
        </flvrecordingmetadata>
      </flvrecordingmetadatas>
    </flvrecording>
  </flvrecordings>
</root>
