<?xml version="1.0" encoding="UTF-8"?>

<!--###############################################
This File is auto-generated by the Backup Tool 
you should use the BackupPanel to modify or change this file 
see http://code.google.com/p/openmeetings/wiki/BackupPanel for Details 
###############################################-->
<root>
  <meetingmembers>
    <meetingmember>
      <meetingMemberId><![CDATA[1]]></meetingMemberId>
      <userid><![CDATA[1]]></userid>
      <appointment><![CDATA[1]]></appointment>
      <firstname><![CDATA[firstname]]></firstname>
      <lastname><![CDATA[lastname]]></lastname>
      <memberStatus><![CDATA[]]></memberStatus>
      <appointmentStatus><![CDATA[]]></appointmentStatus>
      <email><![CDATA[user7@server7.ru]]></email>
      <deleted><![CDATA[false]]></deleted>
      <comment><![CDATA[null]]></comment>
      <invitor><![CDATA[true]]></invitor>
    </meetingmember>
    <meetingmember>
      <meetingMemberId><![CDATA[2]]></meetingMemberId>
      <userid><![CDATA[2]]></userid>
      <appointment><![CDATA[1]]></appointment>
      <firstname><![CDATA[Василий]]></firstname>
      <lastname><![CDATA[Дегтярев]]></lastname>
      <memberStatus><![CDATA[0]]></memberStatus>
      <appointmentStatus><![CDATA[0]]></appointmentStatus>
      <email><![CDATA[user4@server4.com]]></email>
      <deleted><![CDATA[false]]></deleted>
      <comment><![CDATA[null]]></comment>
      <invitor><![CDATA[false]]></invitor>
    </meetingmember>
    <meetingmember>
      <meetingMemberId><![CDATA[3]]></meetingMemberId>
      <userid><![CDATA[0]]></userid>
      <appointment><![CDATA[1]]></appointment>
      <firstname><![CDATA[James]]></firstname>
      <lastname><![CDATA[Bond]]></lastname>
      <memberStatus><![CDATA[0]]></memberStatus>
      <appointmentStatus><![CDATA[0]]></appointmentStatus>
      <email><![CDATA[user8@server8.ru]]></email>
      <deleted><![CDATA[false]]></deleted>
      <comment><![CDATA[null]]></comment>
      <invitor><![CDATA[false]]></invitor>
    </meetingmember>
    <meetingmember>
      <meetingMemberId><![CDATA[4]]></meetingMemberId>
      <userid><![CDATA[2]]></userid>
      <appointment><![CDATA[2]]></appointment>
      <firstname><![CDATA[Василий]]></firstname>
      <lastname><![CDATA[Дегтярев]]></lastname>
      <memberStatus><![CDATA[]]></memberStatus>
      <appointmentStatus><![CDATA[]]></appointmentStatus>
      <email><![CDATA[user4@server4.com]]></email>
      <deleted><![CDATA[false]]></deleted>
      <comment><![CDATA[null]]></comment>
      <invitor><![CDATA[true]]></invitor>
    </meetingmember>
    <meetingmember>
      <meetingMemberId><![CDATA[5]]></meetingMemberId>
      <userid><![CDATA[1]]></userid>
      <appointment><![CDATA[2]]></appointment>
      <firstname><![CDATA[firstname]]></firstname>
      <lastname><![CDATA[lastname]]></lastname>
      <memberStatus><![CDATA[0]]></memberStatus>
      <appointmentStatus><![CDATA[0]]></appointmentStatus>
      <email><![CDATA[user7@server7.ru]]></email>
      <deleted><![CDATA[false]]></deleted>
      <comment><![CDATA[null]]></comment>
      <invitor><![CDATA[false]]></invitor>
    </meetingmember>
  </meetingmembers>
</root>
