<?xml version="1.0" encoding="UTF-8"?>

<!--###############################################
This File is auto-generated by the Backup Tool 
you should use the BackupPanel to modify or change this file 
see http://code.google.com/p/openmeetings/wiki/BackupPanel for Details 
###############################################-->
<root>
  <privatemessagefolders>
    <privatemessagefolder>
      <privateMessageFolderId><![CDATA[1]]></privateMessageFolderId>
      <folderName><![CDATA[Private]]></folderName>
      <userId><![CDATA[2]]></userId>
    </privatemessagefolder>
  </privatemessagefolders>
</root>
