<?xml version="1.0" encoding="UTF-8"?>

<!--###############################################
This File is auto-generated by the Backup Tool 
you should use the BackupPanel to modify or change this file 
see http://code.google.com/p/openmeetings/wiki/BackupPanel for Details 
###############################################-->
<root>
  <rooms>
    <room>
      <name><![CDATA[public Interview Room]]></name>
      <rooms_id><![CDATA[1]]></rooms_id>
      <deleted><![CDATA[false]]></deleted>
      <comment><![CDATA[]]></comment>
      <numberOfPartizipants><![CDATA[16]]></numberOfPartizipants>
      <appointment><![CDATA[false]]></appointment>
      <externalRoomId><![CDATA[null]]></externalRoomId>
      <externalRoomType><![CDATA[null]]></externalRoomType>
      <roomtypeId><![CDATA[4]]></roomtypeId>
      <ownerid><![CDATA[]]></ownerid>
      <waitForRecording><![CDATA[]]></waitForRecording>
      <hideTopBar><![CDATA[false]]></hideTopBar>
      <allowRecording><![CDATA[]]></allowRecording>
      <isDemoRoom><![CDATA[false]]></isDemoRoom>
      <demoTime><![CDATA[null]]></demoTime>
      <isModeratedRoom><![CDATA[false]]></isModeratedRoom>
      <allowUserQuestions><![CDATA[true]]></allowUserQuestions>
      <isAudioOnly><![CDATA[false]]></isAudioOnly>
      <sipNumber><![CDATA[]]></sipNumber>
      <conferencePin><![CDATA[]]></conferencePin>
      <ispublic><![CDATA[true]]></ispublic>
      <isClosed><![CDATA[false]]></isClosed>
      <redirectURL><![CDATA[]]></redirectURL>
      <room_moderators/>
    </room>
    <room>
      <name><![CDATA[public Conference Room]]></name>
      <rooms_id><![CDATA[2]]></rooms_id>
      <deleted><![CDATA[false]]></deleted>
      <comment><![CDATA[]]></comment>
      <numberOfPartizipants><![CDATA[32]]></numberOfPartizipants>
      <appointment><![CDATA[false]]></appointment>
      <externalRoomId><![CDATA[null]]></externalRoomId>
      <externalRoomType><![CDATA[null]]></externalRoomType>
      <roomtypeId><![CDATA[1]]></roomtypeId>
      <ownerid><![CDATA[]]></ownerid>
      <waitForRecording><![CDATA[]]></waitForRecording>
      <hideTopBar><![CDATA[false]]></hideTopBar>
      <allowRecording><![CDATA[]]></allowRecording>
      <isDemoRoom><![CDATA[false]]></isDemoRoom>
      <demoTime><![CDATA[null]]></demoTime>
      <isModeratedRoom><![CDATA[false]]></isModeratedRoom>
      <allowUserQuestions><![CDATA[true]]></allowUserQuestions>
      <isAudioOnly><![CDATA[false]]></isAudioOnly>
      <sipNumber><![CDATA[]]></sipNumber>
      <conferencePin><![CDATA[]]></conferencePin>
      <ispublic><![CDATA[true]]></ispublic>
      <isClosed><![CDATA[false]]></isClosed>
      <redirectURL><![CDATA[]]></redirectURL>
      <room_moderators/>
    </room>
    <room>
      <name><![CDATA[public Video Only Room]]></name>
      <rooms_id><![CDATA[3]]></rooms_id>
      <deleted><![CDATA[false]]></deleted>
      <comment><![CDATA[]]></comment>
      <numberOfPartizipants><![CDATA[32]]></numberOfPartizipants>
      <appointment><![CDATA[false]]></appointment>
      <externalRoomId><![CDATA[null]]></externalRoomId>
      <externalRoomType><![CDATA[null]]></externalRoomType>
      <roomtypeId><![CDATA[1]]></roomtypeId>
      <ownerid><![CDATA[]]></ownerid>
      <waitForRecording><![CDATA[]]></waitForRecording>
      <hideTopBar><![CDATA[false]]></hideTopBar>
      <allowRecording><![CDATA[]]></allowRecording>
      <isDemoRoom><![CDATA[false]]></isDemoRoom>
      <demoTime><![CDATA[null]]></demoTime>
      <isModeratedRoom><![CDATA[false]]></isModeratedRoom>
      <allowUserQuestions><![CDATA[true]]></allowUserQuestions>
      <isAudioOnly><![CDATA[false]]></isAudioOnly>
      <sipNumber><![CDATA[]]></sipNumber>
      <conferencePin><![CDATA[]]></conferencePin>
      <ispublic><![CDATA[true]]></ispublic>
      <isClosed><![CDATA[false]]></isClosed>
      <redirectURL><![CDATA[]]></redirectURL>
      <room_moderators/>
    </room>
    <room>
      <name><![CDATA[public Video And Whiteboard Room]]></name>
      <rooms_id><![CDATA[4]]></rooms_id>
      <deleted><![CDATA[false]]></deleted>
      <comment><![CDATA[]]></comment>
      <numberOfPartizipants><![CDATA[32]]></numberOfPartizipants>
      <appointment><![CDATA[false]]></appointment>
      <externalRoomId><![CDATA[null]]></externalRoomId>
      <externalRoomType><![CDATA[null]]></externalRoomType>
      <roomtypeId><![CDATA[1]]></roomtypeId>
      <ownerid><![CDATA[]]></ownerid>
      <waitForRecording><![CDATA[]]></waitForRecording>
      <hideTopBar><![CDATA[false]]></hideTopBar>
      <allowRecording><![CDATA[]]></allowRecording>
      <isDemoRoom><![CDATA[false]]></isDemoRoom>
      <demoTime><![CDATA[null]]></demoTime>
      <isModeratedRoom><![CDATA[false]]></isModeratedRoom>
      <allowUserQuestions><![CDATA[true]]></allowUserQuestions>
      <isAudioOnly><![CDATA[false]]></isAudioOnly>
      <sipNumber><![CDATA[]]></sipNumber>
      <conferencePin><![CDATA[]]></conferencePin>
      <ispublic><![CDATA[true]]></ispublic>
      <isClosed><![CDATA[false]]></isClosed>
      <redirectURL><![CDATA[]]></redirectURL>
      <room_moderators/>
    </room>
    <room>
      <name><![CDATA[public Restricted Room]]></name>
      <rooms_id><![CDATA[5]]></rooms_id>
      <deleted><![CDATA[false]]></deleted>
      <comment><![CDATA[]]></comment>
      <numberOfPartizipants><![CDATA[100]]></numberOfPartizipants>
      <appointment><![CDATA[false]]></appointment>
      <externalRoomId><![CDATA[null]]></externalRoomId>
      <externalRoomType><![CDATA[null]]></externalRoomType>
      <roomtypeId><![CDATA[3]]></roomtypeId>
      <ownerid><![CDATA[]]></ownerid>
      <waitForRecording><![CDATA[]]></waitForRecording>
      <hideTopBar><![CDATA[false]]></hideTopBar>
      <allowRecording><![CDATA[]]></allowRecording>
      <isDemoRoom><![CDATA[false]]></isDemoRoom>
      <demoTime><![CDATA[null]]></demoTime>
      <isModeratedRoom><![CDATA[false]]></isModeratedRoom>
      <allowUserQuestions><![CDATA[true]]></allowUserQuestions>
      <isAudioOnly><![CDATA[false]]></isAudioOnly>
      <sipNumber><![CDATA[]]></sipNumber>
      <conferencePin><![CDATA[]]></conferencePin>
      <ispublic><![CDATA[true]]></ispublic>
      <isClosed><![CDATA[false]]></isClosed>
      <redirectURL><![CDATA[]]></redirectURL>
      <room_moderators/>
    </room>
    <room>
      <name><![CDATA[private Conference Room]]></name>
      <rooms_id><![CDATA[6]]></rooms_id>
      <deleted><![CDATA[false]]></deleted>
      <comment><![CDATA[]]></comment>
      <numberOfPartizipants><![CDATA[32]]></numberOfPartizipants>
      <appointment><![CDATA[false]]></appointment>
      <externalRoomId><![CDATA[null]]></externalRoomId>
      <externalRoomType><![CDATA[null]]></externalRoomType>
      <roomtypeId><![CDATA[1]]></roomtypeId>
      <ownerid><![CDATA[]]></ownerid>
      <waitForRecording><![CDATA[]]></waitForRecording>
      <hideTopBar><![CDATA[false]]></hideTopBar>
      <allowRecording><![CDATA[]]></allowRecording>
      <isDemoRoom><![CDATA[false]]></isDemoRoom>
      <demoTime><![CDATA[null]]></demoTime>
      <isModeratedRoom><![CDATA[false]]></isModeratedRoom>
      <allowUserQuestions><![CDATA[true]]></allowUserQuestions>
      <isAudioOnly><![CDATA[false]]></isAudioOnly>
      <sipNumber><![CDATA[]]></sipNumber>
      <conferencePin><![CDATA[]]></conferencePin>
      <ispublic><![CDATA[false]]></ispublic>
      <isClosed><![CDATA[false]]></isClosed>
      <redirectURL><![CDATA[]]></redirectURL>
      <room_moderators/>
    </room>
    <room>
      <name><![CDATA[public Audience Room]]></name>
      <rooms_id><![CDATA[7]]></rooms_id>
      <deleted><![CDATA[false]]></deleted>
      <comment><![CDATA[]]></comment>
      <numberOfPartizipants><![CDATA[32]]></numberOfPartizipants>
      <appointment><![CDATA[false]]></appointment>
      <externalRoomId><![CDATA[null]]></externalRoomId>
      <externalRoomType><![CDATA[null]]></externalRoomType>
      <roomtypeId><![CDATA[2]]></roomtypeId>
      <ownerid><![CDATA[]]></ownerid>
      <waitForRecording><![CDATA[]]></waitForRecording>
      <hideTopBar><![CDATA[false]]></hideTopBar>
      <allowRecording><![CDATA[]]></allowRecording>
      <isDemoRoom><![CDATA[false]]></isDemoRoom>
      <demoTime><![CDATA[null]]></demoTime>
      <isModeratedRoom><![CDATA[false]]></isModeratedRoom>
      <allowUserQuestions><![CDATA[true]]></allowUserQuestions>
      <isAudioOnly><![CDATA[false]]></isAudioOnly>
      <sipNumber><![CDATA[]]></sipNumber>
      <conferencePin><![CDATA[]]></conferencePin>
      <ispublic><![CDATA[true]]></ispublic>
      <isClosed><![CDATA[false]]></isClosed>
      <redirectURL><![CDATA[]]></redirectURL>
      <room_moderators/>
    </room>
    <room>
      <name><![CDATA[private Audience Room]]></name>
      <rooms_id><![CDATA[8]]></rooms_id>
      <deleted><![CDATA[false]]></deleted>
      <comment><![CDATA[]]></comment>
      <numberOfPartizipants><![CDATA[32]]></numberOfPartizipants>
      <appointment><![CDATA[false]]></appointment>
      <externalRoomId><![CDATA[null]]></externalRoomId>
      <externalRoomType><![CDATA[null]]></externalRoomType>
      <roomtypeId><![CDATA[2]]></roomtypeId>
      <ownerid><![CDATA[]]></ownerid>
      <waitForRecording><![CDATA[]]></waitForRecording>
      <hideTopBar><![CDATA[false]]></hideTopBar>
      <allowRecording><![CDATA[]]></allowRecording>
      <isDemoRoom><![CDATA[false]]></isDemoRoom>
      <demoTime><![CDATA[null]]></demoTime>
      <isModeratedRoom><![CDATA[false]]></isModeratedRoom>
      <allowUserQuestions><![CDATA[true]]></allowUserQuestions>
      <isAudioOnly><![CDATA[false]]></isAudioOnly>
      <sipNumber><![CDATA[]]></sipNumber>
      <conferencePin><![CDATA[]]></conferencePin>
      <ispublic><![CDATA[false]]></ispublic>
      <isClosed><![CDATA[false]]></isClosed>
      <redirectURL><![CDATA[]]></redirectURL>
      <room_moderators/>
    </room>
    <room>
      <name><![CDATA[Test]]></name>
      <rooms_id><![CDATA[9]]></rooms_id>
      <deleted><![CDATA[false]]></deleted>
      <comment><![CDATA[Test room]]></comment>
      <numberOfPartizipants><![CDATA[10]]></numberOfPartizipants>
      <appointment><![CDATA[false]]></appointment>
      <externalRoomId><![CDATA[null]]></externalRoomId>
      <externalRoomType><![CDATA[null]]></externalRoomType>
      <roomtypeId><![CDATA[1]]></roomtypeId>
      <ownerid><![CDATA[0]]></ownerid>
      <waitForRecording><![CDATA[false]]></waitForRecording>
      <hideTopBar><![CDATA[false]]></hideTopBar>
      <allowRecording><![CDATA[false]]></allowRecording>
      <isDemoRoom><![CDATA[false]]></isDemoRoom>
      <demoTime><![CDATA[null]]></demoTime>
      <isModeratedRoom><![CDATA[false]]></isModeratedRoom>
      <allowUserQuestions><![CDATA[true]]></allowUserQuestions>
      <isAudioOnly><![CDATA[false]]></isAudioOnly>
      <sipNumber><![CDATA[]]></sipNumber>
      <conferencePin><![CDATA[]]></conferencePin>
      <ispublic><![CDATA[false]]></ispublic>
      <isClosed><![CDATA[false]]></isClosed>
      <redirectURL><![CDATA[]]></redirectURL>
      <room_moderators/>
    </room>
    <room>
      <name><![CDATA[test]]></name>
      <rooms_id><![CDATA[10]]></rooms_id>
      <deleted><![CDATA[false]]></deleted>
      <comment><![CDATA[]]></comment>
      <numberOfPartizipants><![CDATA[50]]></numberOfPartizipants>
      <appointment><![CDATA[true]]></appointment>
      <externalRoomId><![CDATA[null]]></externalRoomId>
      <externalRoomType><![CDATA[null]]></externalRoomType>
      <roomtypeId><![CDATA[1]]></roomtypeId>
      <ownerid><![CDATA[]]></ownerid>
      <waitForRecording><![CDATA[]]></waitForRecording>
      <hideTopBar><![CDATA[false]]></hideTopBar>
      <allowRecording><![CDATA[]]></allowRecording>
      <isDemoRoom><![CDATA[false]]></isDemoRoom>
      <demoTime><![CDATA[null]]></demoTime>
      <isModeratedRoom><![CDATA[false]]></isModeratedRoom>
      <allowUserQuestions><![CDATA[true]]></allowUserQuestions>
      <isAudioOnly><![CDATA[false]]></isAudioOnly>
      <sipNumber><![CDATA[]]></sipNumber>
      <conferencePin><![CDATA[]]></conferencePin>
      <ispublic><![CDATA[true]]></ispublic>
      <isClosed><![CDATA[false]]></isClosed>
      <redirectURL><![CDATA[]]></redirectURL>
      <room_moderators/>
    </room>
    <room>
      <name><![CDATA[my event]]></name>
      <rooms_id><![CDATA[11]]></rooms_id>
      <deleted><![CDATA[false]]></deleted>
      <comment><![CDATA[]]></comment>
      <numberOfPartizipants><![CDATA[50]]></numberOfPartizipants>
      <appointment><![CDATA[true]]></appointment>
      <externalRoomId><![CDATA[null]]></externalRoomId>
      <externalRoomType><![CDATA[null]]></externalRoomType>
      <roomtypeId><![CDATA[1]]></roomtypeId>
      <ownerid><![CDATA[]]></ownerid>
      <waitForRecording><![CDATA[]]></waitForRecording>
      <hideTopBar><![CDATA[false]]></hideTopBar>
      <allowRecording><![CDATA[]]></allowRecording>
      <isDemoRoom><![CDATA[false]]></isDemoRoom>
      <demoTime><![CDATA[null]]></demoTime>
      <isModeratedRoom><![CDATA[false]]></isModeratedRoom>
      <allowUserQuestions><![CDATA[true]]></allowUserQuestions>
      <isAudioOnly><![CDATA[false]]></isAudioOnly>
      <sipNumber><![CDATA[]]></sipNumber>
      <conferencePin><![CDATA[]]></conferencePin>
      <ispublic><![CDATA[true]]></ispublic>
      <isClosed><![CDATA[false]]></isClosed>
      <redirectURL><![CDATA[]]></redirectURL>
      <room_moderators/>
    </room>
  </rooms>
</root>
